{"nodes":{"node:1":{"location":{"x":22,"y":-31}},"node:4":{"location":{"x":211,"y":79}}},"selection":null,"view":{"scroll":{"x":-237.003341674804688,"y":-373.49755859375},"zoom":1.24999988079071045}}